codesv,namesv,price,notes,service_id,type_specializations_id
1,الزرق السريع  (الجلسة),50000,,16,1
2,المعجل الخطي العلاج الشعاعي (الجلسة),50000,,8,1
3,المعجل الخطي المفراس التطابقي (الجلسة),25000,,8,1
4,الاجور في صالة العمليات  عمليات القلب المفتوح الطبيب الجراح لليوم الواحد,1000000,,4,3
5,الاجور في صالة العمليات  عمليات القلب المفتوح الطبيب المساعد الأول للطبيب الجراح لليوم الواحد,150000,,4,3
6,الاجور في صالة العمليات  عمليات القلب المفتوح الطبيب المساعد الثاني للطبيب الجراح لليوم الواحد,100000,,4,3
7,الاجور في صالة العمليات  عمليات القلب المفتوح الطبيب المخدر لليوم الواحد,400000,,4,3
8,الاجور في صالة العمليات  عمليات القلب المفتوح الطبيب المساعد للطبيب المخدر لليوم الواحد,60000,,4,3
9,الاجور في صالة العمليات  عمليات القلب المفتوح طبيب ماكنة القلب لليوم الواحد,100000,,4,3
10,الاجور في صالة العمليات  عمليات القلب المفتوح مساعد ماكنة القلب لليوم الواحد,60000,,4,3
11,الاجور في صالة العمليات  عمليات القلب المفتوح ممرض رئيسي لليوم الواحد,75000,,4,3
12,الاجور في صالة العمليات  عمليات القلب المفتوح ممرض مساعد لليوم الواحد,30000,,4,3
13,"الاجور في صالة العمليات  عمليات القلب المفتوح مساعد تخدير( دبلوم ، تقني ) لليوم الواحد",25000,,4,3
14,الاجور في صالة العمليات  عمليات القلب المفتوح مسؤول العمليات لليوم الواحد,25000,,4,3
15,الاجور في صالة العمليات  عمليات القلب المفتوح اجور صالة العمليات لليوم الواحد,100000,,4,3
16,الاجور في صالة العمليات  عمليات القلب المفتوح سلة الجناح لليوم الواحد,350000,,4,3
17,الاجور في العناية المركزة رقود المريض,200000,,19,3
18,الاجور في العناية المركزة الأغذية ,15000,,2,3
19,الاجور في العناية المركزة  مختبر العناية المركزة,25000,,21,3
20,الاجور في العناية المركزة فحوصات المختبر العام,25000,,21,3
21,الاجور في العناية المركزة العلاج الطبيعي,20000,,12,3
22,الاجور في العناية المركزة الأشعة,5000,,8,3
23,الاجور في العناية المركزة المواد المشتراة + البياضات,60000,,24,3
24,الاجور في العناية المركزة مصرف الدم مطابقة عدد(8) بطل دم حار + بارد,5000,,21,3
25,الاجور في ردهة الجناح الخاص رقود المريض,15000,,19,3
26,الاجور في ردهة الجناح الخاص رقود المرافق,10000,,19,3
27,الاجور في ردهة الجناح الخاص الأغذية,30000,,2,3
28,الاجور في ردهة الجناح الخاص فحوصات مختبرية,25000,,21,3
29,الاجور في ردهة الجناح الخاص (تداوي وزرق الابر) الردهة,10000,,16,3
30,الاجور في ردهة الجناح الخاص الأشعة,5000,,8,3
31,الاجور في ردهة الجناح الخاص الايــــكو,10000,,8,3
32,الاجور في ردهة الجناح الخاص تخطيط القلب,5000,,8,3
33,الاجور في ردهة الجناح الخاص العلاج الطبيعي,15000,,12,3
34,الاجور في ردهة الجناح الخاص فحص الأسنان,25000,,7,3
35,الاجور في ردهة الجناح الخاص خدمات ادارية (تقرير),10000,,17,3
36,الاجور في ردهة الجناح الخاص المواد المشتراة + البياضات,60000,,24,3
37,العمليات القسطارية اجور الطبيب الجراح العمليات الصغرى بدون تخدير    ,38000,ملاحظة : يتم استيفاء مبلغا قدره(15) خمسة عشر ألف  دينارعن  اجورالتخدير الموضعي وتصرف تلك الاجور للطبيب المعالج عند تنفيذه للتخدير عند عدم وجود طبيب مخدر و تكون (13000) دينار للطبيب المعالج و (2000) دينار تخصص لشراء ادوية و مواد التخدير,4,3
38,العمليات القسطارية اجور الطبيب الجراح العمليات الصغرى مع التخدير   ,50000,,4,3
39,العمليات القسطارية اجور الطبيب الجراح  العمليات الوسطى  ,000 250,,4,3
40,العمليات القسطارية اجور الطبيب الجراح  العمليات  الكبرى  ,000 300,,4,3
41,العمليات القسطارية اجور الطبيب الجراح   العمليات فوق الكبرى ,000 400 ,,4,3
42,العمليات القسطارية اجور الطبيب الجراح   العمليات الخاصة( بضمنها عمليات القلب المفتوح ) ,"1,012,500",,4,3
43,العمليات القسطارية  اجور الطبيب المساعد للجراح(مقيم أقدم جراحة) العمليات الصغرى بدون تخدير,000 4,,4,3
44,العمليات القسطارية  اجور الطبيب المساعد للجراح(مقيم أقدم جراحة) العمليات الصغرى مع التخدير,000 5,,4,3
45,العمليات القسطارية  اجور الطبيب المساعد للجراح(مقيم أقدم جراحة)  العمليات الوسطى,000 13,,4,3
46,العمليات القسطارية  اجور الطبيب المساعد للجراح(مقيم أقدم جراحة)  العمليات  الكبرى,000 15,,4,3
47,العمليات القسطارية  اجور الطبيب المساعد للجراح(مقيم أقدم جراحة)   العمليات فوق الكبرى,000 20,,4,3
48,العمليات القسطارية  اجور الطبيب المساعد للجراح(مقيم أقدم جراحة)  العمليات الخاصة( بضمنها عمليات القلب المفتوح ) ,000 40,,4,3
49,العمليات القسطارية  اجور الطبيب المخدر  العمليات الصغرى,000 40,,4,3
50,العمليات القسطارية  اجور الطبيب المخدر  العمليات الوسطى,000 100,,4,3
51,العمليات القسطارية  اجور الطبيب المخدر  العمليات الكبرى, 000 120,,4,3
52,العمليات القسطارية  اجور الطبيب المخدر  العمليات فوق الكبرى,000 160,,4,3
53,العمليات القسطارية  اجور الطبيب المخدر  العمليات الخاصة ( بضمنها عمليات القلب المفتوح ), 000 520,,4,3
54,العمليات القسطارية    اجور الطبيب المساعد للمخدر(مقيم أقدم تخدير) العمليات الصغرى,000 2,,4,3
55,العمليات القسطارية    اجور الطبيب المساعد للمخدر(مقيم أقدم تخدير) العمليات الوسطى,000 3,,4,3
56,العمليات القسطارية    اجور الطبيب المساعد للمخدر(مقيم أقدم تخدير) العمليات الكبرى,000 4,,4,3
57,العمليات القسطارية    اجور الطبيب المساعد للمخدر(مقيم أقدم تخدير) العمليات فوق الكبرى,000 5,,4,3
58,العمليات القسطارية    اجور الطبيب المساعد للمخدر(مقيم أقدم تخدير) العمليات الخاصة ( بضمنها عمليات القلب المفتوح ),000 10,,4,3
59,العمليات القسطارية سلة الجناح بدون تخدير,23000,,4,3
60,العمليات القسطارية سلة الجناح مع التخدير,33000,,4,3
61,العمليات القسطارية سلة الجناح العمليات الوسطى ,59000,,4,3
62,العمليات القسطارية سلة الجناح العمليات الكبرى,86000,,4,3
63,العمليات القسطارية سلة الجناح العمليات فوق الكبرى ,115000,,4,3
64,العمليات القسطارية سلة الجناح العمليات الخاصة( بضمنها عمليات القلب المفتوح ) ,393000,,4,3
65,العمليات القسطارية صالة العمليات العمليات الصغرى,30000,,4,3
66,العمليات القسطارية صالة العمليات العمليات الوسطى ,80000,,4,3
67,العمليات القسطارية صالة العمليات العمليات الكبرى,100000,,4,3
68,العمليات القسطارية صالة العمليات العمليات فوق الكبرى ,150000,,4,3
69,العمليات القسطارية صالة العمليات  العمليات الخاصة,200000,,4,3
70,العمليات القسطارية اجور طبيب التخدير من عملية طب الالم (القائم بالعمل فعلا) العمليات الصغرى,38000,,4,3
71,العمليات القسطارية اجور طبيب التخدير من عملية طب الالم (القائم بالعمل فعلا) العمليات الوسطى ,75000,,4,3
72,العمليات القسطارية اجور طبيب التخدير من عملية طب الالم (القائم بالعمل فعلا) العمليات الكبرى,100000,,4,3
73,العمليات القسطارية اجور طبيب التخدير من عملية طب الالم (القائم بالعمل فعلا) العمليات فوق الكبرى ,125000,,4,3
74,فحص الايكو,10000,,8,3
75,فحص الهولتر,15000,,21,3
76,فحص الاجهاد,15000,,21,3
77,فحص الاسنان ,5000,,7,3
78,فحص السحايا,35000,,21,3
79,فحص المناعة السريرية ,10000,,21,3
80,Blood Groop,5000,,21,3
81,Cross match,10000,,21,3
82,Coombs (Direct),5000,,21,3
83,Coombs (indirect),5000,,21,3
84,Rhantibody titex,10000,,21,3
85,CRP,5000,,21,3
86,Culture and Sensitivity,10000,,21,3
87,Blood Culture,15000,,21,3
88,Serum Protein electrophoresis,30000,,21,3
89,Immunohixation                   ,120000,,21,3
90,Urin protein electrophoresis ,50000,,21,3
91,Myloma package                ,120000,,21,3
92,Oligoclonal band                 ,150000,,21,3
93,B.J. protein                        ,100000,,21,3
94,HB electrophoresis             ,30000,,21,3
95,الطبيب المعالج   العمليات الصغرى بدون تخدير    ,38000,,4,3
96,الطبيب المعالج   العمليات الصغرى مع التخدير   ,50000,,4,3
97,الطبيب المعالج   العمليات الوسطى  ,250000,,4,3
98,الطبيب المعالج    العمليات  الكبرى  ,300000,,4,3
99,الطبيب المعالج   العمليات فوق الكبرى ,400000,,4,3
100,الطبيب المعالج    العمليات الخاصة,"500 ,012 , 1",,4,3
101,الطبيب المعالج  اجور الطبيب الجراح عند تنفيذه للتخدير الموضعي عند عدم وجود طبيب مخدر,13000,,4,3
102,الطبيب المساعد للمعالج (مقيم أقدم أو طالب بورد)  العمليات الصغرى بدون تخدير    ,3600,,4,3
103,الطبيب المساعد للمعالج (مقيم أقدم أو طالب بورد)  العمليات الصغرى مع التخدير   ,4500,,4,3
104,الطبيب المساعد للمعالج (مقيم أقدم أو طالب بورد)   العمليات الوسطى  ,11700,,4,3
105,الطبيب المساعد للمعالج (مقيم أقدم أو طالب بورد)   العمليات  الكبرى  ,13500,,4,3
106,الطبيب المساعد للمعالج (مقيم أقدم أو طالب بورد) العمليات فوق الكبرى ,18000,,4,3
107,الطبيب المساعد للمعالج (مقيم أقدم أو طالب بورد)   العمليات الخاصة,36000,,4,3
108,اجور الطبيب المخدر   العمليات الصغرى   ,36000,,4,3
109,اجور الطبيب المخدر  العمليات الوسطى  ,90000,,4,3
110,اجور الطبيب المخدر   العمليات  الكبرى  ,108000,,4,3
111,اجور الطبيب المخدر  العمليات فوق الكبرى ,144000,,4,3
112,اجور الطبيب المخدر  العمليات الخاصة,468000,,4,3
113,اجور الطبيب المخدر  طبيب تخدير انعاش ويمنح 50% من اجر المخدر فقط في عمليات صنف الخاصة  ,234000,,4,3
114,الطبيب المخدر المساعد ( مقيم أقدم أو طالب بورد) العمليات الصغرى,1800,,4,3
115,الطبيب المخدر المساعد ( مقيم أقدم أو طالب بورد) العمليات  الوسطى,2700,,4,3
116,الطبيب المخدر المساعد ( مقيم أقدم أو طالب بورد) العمليات الكبرى,3600,,4,3
117,الطبيب المخدر المساعد ( مقيم أقدم أو طالب بورد) العمليات فوق الكبرى,4500,,4,3
118,الطبيب المخدر المساعد ( مقيم أقدم أو طالب بورد) العمليات  الخاصة,9000,,4,3
119,اجور زيارات الطبيب الطبيب الجراح للعملية الخاصة ,15000,,3,3
120,اجور زيارات الطبيب الطبيب الاستشاري,20000,,3,3
121,اجور الرقود في ردهة العناية المركزة ,50000,,19,3
122,الرقود في سويت,50000,,19,3
123,رقود المريض/ غرفة منفردة,25000,,19,3
124,رقود المريض/ردهة درجة  اولى لحد (6) اسرة,12000,,19,3
125,رقود المريض /ردهة درجة ثانية مازاد عن (6) اسرة,10000,,19,3
126,رقود مرافق المريض الاول  ,10000,,19,3
127,رقود المرافق الثاني للمريض,35000,,19,3
128,رقود المرافق الثالث,40000,,19,3
129,اصدار شهادات الولادة,7500,,17,3
130,اصدار شهادة وفاة,7500,,17,3
131,منح تقارير طبية,7500,,17,3
132,زرق الابرة بالمفصل من قبل الطبيب,10000,,16,3
133,زرق الابر للمراجع الخارجي,1000,,16,3
134,التداخل الجراحي في العيادة الخارجية,5000,,16,3
135,ضماد فتح البطن / معقدة,5000,,16,3
136,ضماد ات الفخذ / معقدة,5000,,16,3
137,ضمادات الفتوق المغبنية / بسيطة ,3000,,16,3
138,ضمادات العيون والاذن/ بسيطة,3000,,16,3
139,ضمادات الحروق/ معقدة,5000,,16,3
140,ضمادات تبديل الكسور/ معقدة,5000,,16,3
141,ضمادات الجبسونة / فوق المعقدة,5000,,16,3
142,ضمادات البواسير الشرجية والفطر والناسور/ بسيطة,3000,,16,3
143,ضماد فروة الراس / بسيطة,3000,,16,3
144,خياطة جرح + ضماد/ معقدة,5000,,16,3
145,تنظيف جرح ملتهب /معقدة,5000,,16,3
146,رفع صوندة تفريغ سوائل / بسيطة,3000,,16,3
147,تركيب صوندة ادرار / معقدة,5000,,16,3
148,تجبيس,15000,,16,3
149,أدوية المستشفى / تحميلات ادارية عن كل يوم تجهيز للدواء,5000,,6,3
150,الأدوية المشتراة من الأسواق المحلية في حالة عدم توفر الأدوية المطلوبة,,,6,3
151,      سعر الوجبة الواحدة تغذية,5000,,15,3
152,اشعة عادية (منطقة واحدة),5000,,8,3
153,اشعة ملونة,20000,,8,3
154,الدوبلر,15000,,8,3
155,فحص شرايين الدماغ بواسطة الدوبلر,15000,,8,3
156,علاج الشرايين بواسطة الضغط على الاطراف باستخدام EEGP,10000,,8,3
157,الكاما نايف,1000000,,8,3
158,السونار العادي,10000,,8,3
159,سونار ملون ,20000,,8,3
160,فحص المفراس الحلزوني,50000,,8,3
161,فحص مفراس القلب ,100000,,8,3
162,فحص المفراس (سكانر),80000,,8,3
163,فحص مفراس الوجه والفكين ثلاثي الابعاد 9500 full skull kodak,25000,,8,3
164,فحص الرنين المغناطيسي mri الملون,50000,,8,3
165,فحص الرنين المغناطيسي بدون صبغة ,25000,,8,3
166,فحص وظائف الرئة,15000,,8,3
167,عملية سحب السائل الجنيني او البريتوني,10000,,21,3
168,سحب السوائل من المعدة,5000,,21,3
169,سحب السائل من النخاع الشوكي,15000,,21,3
170,غسل المعدة,5000,,16,3
171, العلاج المائي(يتضمن استعمال الجهاز والحمام والتمرين والتدليك),15000,,12,3
172,العلاج الحراري والكهربائي (يتضمن الاشعة وكافة انواعها والامواج فوق الصوتية والتيار الكهربائي وحمام الشمع والبرافين والحمام الرملي),15000,,12,3
173, دورة علاجية باجهزة حرارية فقط,10000,,12,3
174, دورة علاجية باجهزة حرارية وتمارين وتدليك,15000,,12,3
175, العلاج الجماعي او الفردي,15000,,12,3
176,العلاج بالتدليك,10000,,12,3
177, سحب الفقرات (الميكانيكي او الكهربائي),15000,,12,3
178,العلاج بالليزر,15000,,12,3
179,فحص الاسنان,5000,,20,3
180,رفع خراج داخل الفم,10000,,7,3
181, قلع سن اعتيادي,5000,,7,3
182,القلع الجراحي وجراحة اللثة,15000,,7,3
183,حشوة اسنان دائمية (1) أملغم,15000,,7,3
184,حشوة اسنان ضوئية,15000,,7,3
185,حشوة جذراسنان (لكل جلسة),15000,,7,3
186,اضافة وتد معدني,5000,,7,3
187,اضافة وتد ضوئي,10000,,7,3
188,تنظيف الاسنان,10000,,7,3
189,اشعة اسنان,5000,,7,3
190,اشعة اسنان OPG,15000,,7,3
191, اجور الطبيب الجراح العمليات الصغرى بدون تخدير    ,000 38,,4,5
192, اجور الطبيب الجراح العمليات الصغرى مع التخدير   ,000 50,,4,5
193, اجور الطبيب الجراح  العمليات الوسطى  ,000 250,,4,5
194,اجور الطبيب الجراح  العمليات  الكبرى  ,000 300,,4,5
195, اجور الطبيب الجراح   العمليات فوق الكبرى ,000 400 ,,4,5
196, اجور الطبيب الجراح   العمليات الخاصة,1000000,,4,5
197,  اجور الطبيب المساعد للجراح (مقيم أقدم جراحة أو طلبة البورد جراحة ) العمليات الصغرى بدون تخدير,000 4,,4,5
198,  اجور الطبيب المساعد للجراح (مقيم أقدم جراحة أو طلبة البورد جراحة ) العمليات الصغرى مع التخدير,000 5,,4,5
199,  اجور الطبيب المساعد للجراح (مقيم أقدم جراحة أو طلبة البورد جراحة )  العمليات الوسطى,000 13,,4,5
200,  اجور الطبيب المساعد للجراح (مقيم أقدم جراحة أو طلبة البورد جراحة )  العمليات  الكبرى,000 15,,4,5
201,  اجور الطبيب المساعد للجراح (مقيم أقدم جراحة أو طلبة البورد جراحة )   العمليات فوق الكبرى,000 20,,4,5
202,  اجور الطبيب المساعد للجراح (مقيم أقدم جراحة أو طلبة البورد جراحة )  العمليات الخاصة,000 40,,4,5
203,اجور الطبيب المخدر العمليات الصغرى,000 40,,4,5
204,اجور الطبيب المخدر العمليات الوسطى,000 100,,4,5
205,اجور الطبيب المخدر العمليات الكبرى, 000 120,,4,5
206,اجور الطبيب المخدر العمليات فوق الكبرى,000 160,,4,5
207,اجور الطبيب المخدر العمليات الخاصة , 000 520,,4,5
208,اجور الطبيب      المساعد للمخدر (مقيم أقدم تخديرأو طلبة البورد تخدير) العمليات الصغرى,000 3,,4,5
209,اجور الطبيب      المساعد للمخدر (مقيم أقدم تخديرأو طلبة البورد تخدير) العمليات الوسطى,000 4,,4,5
210,اجور الطبيب      المساعد للمخدر (مقيم أقدم تخديرأو طلبة البورد تخدير) العمليات الكبرى,000 5,,4,5
211,اجور الطبيب      المساعد للمخدر (مقيم أقدم تخديرأو طلبة البورد تخدير) العمليات فوق الكبرى,000 7,,4,5
212,اجور الطبيب      المساعد للمخدر (مقيم أقدم تخديرأو طلبة البورد تخدير) العمليات الخاصة ,000 13,,4,5
213,اجور طبيب التخدير (القائم بالعمل فعلا) في عملية طب الالم العمليات الصغرى,50000,,4,5
214,اجور طبيب التخدير (القائم بالعمل فعلا) في عملية طب الالم العمليات الوسطى,100000,,4,5
215,اجور طبيب التخدير (القائم بالعمل فعلا) في عملية طب الالم العمليات الكبرى,150000,,4,5
216,اجور طبيب التخدير (القائم بالعمل فعلا) في عملية طب الالم العمليات فوق الكبرى,175000,,4,5
217,عمليات تكميم المعدة اجور الطبيب الجراح,600000,,4,5
218,عمليات تكميم المعدة اجور الطبيب مساعد الجراح,20000,,4,5
219,عمليات تكميم المعدة اجور الطبيب المخدر,160000,,4,5
220,عمليات تكميم المعدة اجور الطبيب مساعد المخدر,7000,,4,5
221,عمليات تكميم المعدة سلة الجناح,115000,,4,5
222,عمليات تكميم المعدة صالة العمليات,100000,,4,5
223,سلة الجناح العمليات الصغرى بدون تخدير    ,23000,,4,5
224,سلة الجناح العمليات الصغرى مع التخدير   ,33000,,4,5
225,سلة الجناح  العمليات الوسطى  ,59000,,4,5
226,سلة الجناح  العمليات  الكبرى  ,86000,,4,5
227,سلة الجناح  العمليات فوق الكبرى ,115000,,4,5
228,سلة الجناح   العمليات الخاصة,393000,,4,5
229,العمليات الصغرى (صالة العمليات),30000,,4,5
230, ا لعمليات وسطى (صالة العمليات),40000,,4,5
231,العمليات الكبرى (صالة العمليات),50000,,4,5
232,فوق الكبرى (صالة العمليات),100000,,4,5
233,العمليات الخاصة (صالة العمليات),200000,,4,5
234,صالة القسطرة (صالة العمليات),100000,,4,5
235,ناظور المعدة (الفحص بالناظور),50000,,8,5
236,ناظور المستقيم (الفحص بالناظور),60000,,8,5
237,ناظور القولون (الفحص بالناظور),60000,,8,5
238,ناظور القصبات الليفي والصلب (الفحص بالناظور),60000,,8,5
239,فحص الايكو,20000,,8,5
240,القسطرة في وحدة المفراس الحلزوني ( في دار التمريض الخاص ) ,100000,,8,5
241,"اجور زيارات الطبيب الجراح 60 % للطبيب المعالج
40 % للردهــــــــــــة",15000,,3,5
242,"اجور زيارات الطبيب الاختصاصي من الفروع الاخرى عدا الجراح  80 % الطبيب 
20 % للردهة",15000,,3,5
243,"اجور زيارة الطبيب الاستشاري  80 % الطبيب 
20 % للردهة",20000,,3,5
244,"اجور الرقود في ردهة العناية المركزة  60 % الملاكات العاملة
40 % السلة",50000,,19,5
245,اجور المرافقين المرافق الاول  50 % سلة  + 50 % للعاملين في الردهات,10000,,19,5
246,,,,19,5
247,,,,19,5
248,اجور المرافقين المرافق الثاني 70 % سلة  + 30 % للعاملين في الردهات,35000,,19,5
249,,,,19,5
250,,,,19,5
251,اجور المرافقين االمرافق الثالث 80 % سلة  + 20 % للعاملين في الردهات,40000,,19,5
252,,,,19,5
253,,,,19,5
254,اجور النقل بسيارة الاسعاف  70 % سائق الجناح  + 30 % سلة الجناح,30000,,26,5
255,اصدارشهادة الولادة  ( تخصص لتطوير الجناح) ,7500,,17,5
256,اصدار صورة قيد الولادة و الوفاة   ( تخصص لتطوير الجناح),7500,,17,5
257,مصادقة التقارير الطبية ( تخصص لتطوير الجناح),7500,,17,5
258,اجور تداوي  ( تخصص لتطوير الجناح),6000,,16,5
259,اجور تجبيس ( تخصص لتطوير الجناح),15000,,16,5
260,زرق ابرة ( تخصص لتطوير الجناح),2000,,16,5
261,فحص الاسنان,5000,,7,5
262,فحص السحايا,35000,,21,5
263,فحص المناعة السريرية,10000,,21,5
264,"خدمة تفتيت الحصى  الجراح 40% للطبيب
10%للعاملين في تلك الخدمة
50% سلة الجناح للجلسة الواحدة",40000,,4,5
265,Blood Groop,5000,,21,5
266,Cross match,10000,,21,5
267,Coombs (Direct),5000,,21,5
268,Coombs (indirect),5000,,21,5
269,Rh antibody titer,10000,,21,5
270,CRP,5000,,21,5
271,Culture and Sensitivity,10000,,21,5
272,Blood Culture,15000,,21,5
273,Serum Protein electrophoresis,30000,,21,5
274,Immunohixation                   ,100000,,21,5
275,Urin protein electrophoresis ,40000,,21,5
276,Myloma package                ,75000,,21,5
277,Oligoclonal band                 ,100000,,21,5
278,B.J. protein                        ,50000,,21,5
279,HB electrophoresis             ,30000,,21,5
280,Genotype HCV,100000,,21,5
281,Fish test,100000,,21,5
282,ناظور الجهاز الهضمي للأطفال العلوي,100000,,8,5
283,ناظور الجهاز الهضمي للأطفال العلوي والسفلي,150000,,8,5
284,ناظور الجهاز الهضمي للأطفال تنظير القولون,150000,,8,5
285,غسل الكلى الدموي المستمر ( CRRT) ,250000,,21,5
286,عملية زرع الكلى اجور الطبيب الجراح,500000,,4,5
287,عملية زرع الكلى اجور الطبيب مساعد الجراح,50000,,4,5
288,عملية زرع الكلى اجور الطبيب المخدر,300000,,4,5
289,عملية زرع الكلى اجور الطبيب مساعد المخدر,25000,,4,5
290,عملية زرع الكلى اجورسلة الجناح,150000,,4,5
291,عملية زرع الكلى اجورصالة العمليات,150000,,4,5
292,عملية زرع الكلى اجور طبيب الباطنية المتابع للحالة,350000,,4,5
293,عملية زرع الكلى اجور التطابق النسيجي,250000,,4,5
294,عملية زرع الكلى اجور عيادة المتبرعين(طبيب الباطنية),50000,,4,5
295,خدمة الديلزة الدموية,40000,,4,5
296,خدمة وضع دبل لومن (قنطار رقبي) دائمي,75000,,4,5
297,خدمة خزعة الكلية,50000,,4,5
298,خدمة الديلزة الدموية المستمرة CRRT,250000,,4,5
299,خدمة فصل البلازما,50000,,4,5
300,"اجور الطبيب الجراح ( المريض والمتبرع )	عملية زرع الكلى",950000,,4,5
301,اجور الطبيب مساعد الجراح ( المريض والمتبرع ) عملية زرع الكلى,100000,,4,5
302,اجور الطبيب المخدر ( المريض والمتبرع ) عملية زرع الكلى,575000,,4,5
303,اجور الطبيب مساعد المخدر ( المريض والمتبرع ) عملية زرع الكلى,55000,,4,5
304,اجور طبيب الباطنية المتابع للحالة عملية زرع الكلى,325000,,4,5
305,اجور عيادة المتبرعين (طبيب الباطنية) عملية زرع الكلى,50000,,4,5
306,اجور الخدمات مركز زرع نخاع العظم (لمدة ثلاثون يوماً) التحاليل,750000,,4,5
307,اجور الخدمات مركز زرع نخاع العظم (لمدة ثلاثون يوماً) اجور التنظيف والتعقيم والتعفير,250000,,4,5
308,اجور الخدمات مركز زرع نخاع العظم (لمدة ثلاثون يوماً) اجور الرقود,750000,,4,5
309,اجور الخدمات مركز زرع نخاع العظم (لمدة ثلاثون يوماً) زيارات الأطباء,450000,,4,5
310,اجور الخدمات مركز زرع نخاع العظم (لمدة ثلاثون يوماً) خدمات التمريض,180000,,4,5
311,اجور الخدمات مركز زرع نخاع العظم (لمدة ثلاثون يوماً) عملية الزرع,150000,,4,5
312,اجور الخدمات مركز زرع نخاع العظم (لمدة ثلاثون يوماً) سلة الجناح,500000,,4,5
313,جورعملية الزرع  اجور الزرع  للعاملين في الخدمة الطبيب الاختصاصي,45000,,4,5
314,جورعملية الزرع  اجور الزرع  للعاملين في الخدمة طبيب المختبر,22500,,4,5
315,جورعملية الزرع  اجور الزرع  للعاملين في الخدمة الممرض القائم بالعمل,22500,,4,5
316,جورعملية الزرع  اجور الزرع  للعاملين في الخدمة مسؤول تجميد الخلايا,22500,,4,5
317,جورعملية الزرع  اجور الزرع  للعاملين في الخدمة مسؤول التجميع,22500,,4,5
318,اجور الخدمات مستشفى الأورام التعليمي خدمة الزرق السريع ( البروتوكول العلاجي) لكل جلسة,50000,,4,5
319,اجور الخدمات مستشفى الأورام التعليمي خدمة المعجل الخطي العلاج الشعاعي لكل جلسة,50000,,4,5
320,اجور الخدمات مستشفى الأورام التعليمي خدمة المعجل الخطي المفراس التطابقي لكل جلسة,25000,,4,5
321,مركز بغداد  العلاج الشعاعي ,30000,,8,5
322,مركز بغداد   المفراس التطابقي ,15000,,8,5
323,مركز السمع والتخاطب اجور الفحص للطفل الوليد ,10000,الموافقة على ألغاء أستيفاء مبلغ (10.000) عشرة الاف دينار الخاصة بفحص السمع للأطفال حديثي الولادة في مركز السمع والتخاطب,10,5
324,مركز السمع والتخاطب اجور خدمات  برمجة القوقعة,25000,,10,5
325,مركز السمع والتخاطب اجور خدمات  برمجة المعينة السمعية,10000,,10,5
326,مركز السمع والتخاطب اجور خدمات  جلسة تدريب النطق,10000,,10,5
327,مركز السمع والتخاطب اجور خدمات  فحص جذع الدماغ,40000,,10,5
328,مركز السمع والتخاطب اجور خدمات  فحص OAE,30000,,10,5
329,مركز السمع والتخاطب اجور خدمات  تخطيط السمع O.T.A.,10000,,10,5
330,مركز السمع والتخاطب اجور خدمات  فحص ضغط الاذن,10000,,10,5
331,مركز السمع والتخاطب اجور خدمات بصمة الاذن,10000,,10,5
332,مركز السمع والتخاطب اجور خدمات بصمة الاذن الداخلية,20000,,10,5
333,مركز السمع والتخاطب اجور خدمات  فحص انبعاثات القوقعة        OAE    ج/9 2022    ,30000,,10,5
334,مركز السمع والتخاطب اجور خدمات  بصمة الاذن خلف الاذن ( لينة وصلبة )    ج/9  لعام 2022,10000,,10,5
335,مركز السمع والتخاطب اجور خدمات  بصمة الاذن الداخلية         CIC.IIE   ج/ 9   لعام 2022  ,20000,,10,5
336,مركز السمع والتخاطب اجور خدمات  برمجة المعينات السمعية                ج 9/ 2022 ,10000,,10,5
337,مركز السمع والتخاطب اجور خدمات  طنيـــــن الاذن                      ج/ 8 لعام 2022 ,10000,,10,5
338,مركز السمع والتخاطب اجور خدمات  الـــــــدوار                          ج /8  لعام 2022 ,40000,,10,5
339,مركز السمع والتخاطب اجور خدمات فحص وظائف الإذن الوسطى,15000,,10,5
340,مركز السمع والتخاطب اجور خدمات فحص الدوران والتوازن,40000,,10,5
341,مركز السمع والتخاطب اجور خدمات جلسة علاج طنين الاذن,10000,,10,5
342,مركز السمع والتخاطب اجور خدمات ( ff ) فحص الساحة الحرة للسمع,15000,,10,5
343,مركز السمع والتخاطب اجور خدمات تصليح المعينات السمعية,20000,,10,5
344,العمليات الجراحية النسائية في مستشفى دار التمريض الخاص  الوسطى,450000,,4,5
345,العمليات الجراحية النسائية في مستشفى دار التمريض الخاص الكبرى,700000,,4,5
346,العمليات الجراحية النسائية في مستشفى دار التمريض الخاص فوق الكبرى,1000000,,4,5
347,العمليات الجراحية النسائية في مستشفى دار التمريض الخاص المهارة,1500000,,4,5
348,العمليات الجراحية النسائية في مستشفى دار التمريض الخاص تصنيف خاصة,2000000,,4,5
349,العمليات الجراحية النسائية في مستشفى دار التمريض الخاص تصنيف شاملة,2500000,,4,5
350,عيادة استشارية جلدية وتجميلية في دار التمريض الخاص سعر البطاقة ,25000,,11,5
351,عيادة استشارية جلدية وتجميلية في دار التمريض الخاص التقشير الكيميائي ,30000,,11,5
352,"عيادة استشارية جلدية وتجميلية في دار التمريض الخاص رفع فالول , مسامير جلدية , زوائد جلدية ",25000,,11,5
353,عيادة استشارية جلدية وتجميلية في دار التمريض الخاص حقن موضعي علاجي - خزعة جلد خدمة حقن فلر للواحد مل ,25000,,11,5
354,عيادة استشارية جلدية وتجميلية في دار التمريض الخاص خدمة حقن البوتكس ,40000,,11,5
355,عيادة استشارية جلدية وتجميلية في دار التمريض الخاص خدمة حقن البلازما ,20000,,11,5
356,عيادة استشارية جلدية وتجميلية في دار التمريض الخاص خيوط الشد التجميلية للخيط الواحد ,20000,,11,5
357,اشعة اسنان,5000,,8,2
358,اشعة اسنان OPG,15000,,8,2
359,اشعة الفكين,5000,,8,2
360,اشعة C.T.conebean,30000,,8,2
361,اجور عملية الغرز البسيطة,200000,,7,2
362,(المرحلة الجراحية الثانية ) عملية Gingval former,50000,,7,2
363,اجور عملية الغرز مع تغيير موقع العصب السني الاسفل,400000,,7,2
364,في حالة زرع اكثر من زرعة في الجهة الواحدة,350000,,7,2
365,سعر الغرزة مع اضافة عظم من نفس المراجع,400000,,7,2
366,سعر الغرزة مع اضافة عظم صناعي,250000,اضافة 50000 لكل زرعة,7,2
367,زرعة واحدة مع Sinns left,400000,,7,2
368,الخدمات العيادية للسن الصناعي الواحد (البورسلين زاركون ),120000,,7,2
369,اجور صناعة السن الواحد المختبرية من البورسلين الكاست,25000,,7,2
370,الخدمات العيادية للسن الصناعي من مادة السيراميك ( البورسلين كاست ),70000,,7,2
371,عبوة عظم صناعي,75000,,7,2
372,Resorbable membrane,75000,,7,2
373,درع للعظم Tetanuim bone sheild,75000,,7,2
374,سيت مسمار تثبيت Tetanuim nail,75000,,7,2
375,عملية رفع مسامير تثبيت درع التيتانيوم bon sheild,50000,,7,2
376,طبعة الاسنان للفكين,25000,,7,2
377,قوالب دراسية,5000,,7,2
378,تبطيــن,20000,25000 في حالة كلاهما,7,2
379, تصليـح,12000,25000 في حالة كلاهما,7,2
380,جهاز لمعالجة مفصل الفك,25000,,7,2
381,جهاز الرباط الجراحي,75000,,7,2
382,جهاز اكريلك لسد فتحة سقف الفم مع الاسنان,100000,,7,2
383,جهاز اكريلك لسد فتحة سقف الفم لحديثي الولادة,50000,,7,2
384,"تركيب سن واحد متحرك ب‌-	صناعة الأسنان",30000,وتضاف 10000دينار عن تركيب كل سن اضافي,7,2
385,"طقم اسنان كامل بعد علوي وسفلي ب‌-	صناعة الأسنان",300000,200000 للعلوي او السفلي,7,2
386,"طبعة اسنان للفكين ب‌-	صناعة الأسنان",35000,,7,2
387,"اجور عملية ملحقات صناعة الاسنان للغرزة الواحدة ب‌-	صناعة الأسنان",75000,,7,2
388,"المتابعة الدورية للمريض بعد انجاز زراعة او صناعة او تقويم الاسنان ب‌-	صناعة الأسنان",5000,,7,2
389,جهاز تقويم ثابت للفك الواحد تقويم الأسنان,300000,,7,2
390,جهاز تقويم ثابت للفكين تقويم الأسنان,500000,,7,2
391,جهاز تقويم متحرك للفك الواحد تقويم الأسنان,100000,,7,2
392,اجهزة هيكلية وظيفية (Monoblock  ) تقويم الأسنان,125000,,7,2
393,جهاز (A-Head gear  )  تقويم الأسنان,125000,,7,2
394,       ( B-Face mask ) تقويم الأسنان,125000,,7,2
395, تقويم الأسنان       (C-Face bowe  ),125000,,7,2
396,Expansion screw  ثابت تقويم الأسنان,100000,,7,2
397,Expansion screw  متحرك تقويم الأسنان,75000,,7,2
398,مراجعات المريض لتبديل الواير أو مراقبة تثبيت الجهاز للفك تقويم الأسنان,15000,,7,2
399,مراجعات المريض لتبديل الواير أو مراقبة تثبيت الجهاز للفكين تقويم الأسنان,25000,,7,2
400,تثبيت جهاز retainer للفكين تقويم الأسنان,100000,,7,2
401,زراعات تقويمية Mini Screw ,40000,,7,2
402,إزالة المادة اللاصقة لجهاز التقويم من الاسنان ,15000,,7,2
403,"Myobrace 	تقويم الأسنان",175000,,7,2
404,"تثبيت جهاز  retainer للفك 	تقويم الأسنان",75000,,7,2
405, خدمات طبية عمليات جراحة وتجميل اللثة ,50000,,7,2
406, خدمات طبية  حشوات الجذور الاسنان الخلفية ,75000,,7,2
407,خدمات طبية  عملية تشذيب او قطع اللثة ,50000,,7,2
408,خدمات طبية  عملية رفع لجام اللسان والشفة ,50000,,7,2
409,خدمات طبية  عملية تعميق الدهليز الفموي ,50000,,7,2
410,خدمات طبية  عملية ترقيع اللثة ,75000,,7,2
411,خدمات طبية  عملية كوي الجيوب اللثوية جراحياً مع إضافة عظم صناعي ووضع غشاء قابل للامتصاص ,100000,,7,2
412,الكاد – كام ( EMAX),125000,,7,2
413,الكاد – كام ( زركون ) ,115000,,7,2
414,الكاد – كام ( سيراميك ) ,100000,,7,2
415,خدمات الليزر تبييض الاسنان بالليزر ,85000,,7,2
416,خدمات الليزر إزالة تشبع لثوي,5000,,7,2
417,خدمات الليزر إزالة لحام الشفة العلوية او السفلية ,50000,,7,2
418,خدمات الليزر علاج ألم مفصل الفك ,10000,,7,2
419,خدمات الليزر علاج تحسس الاسنان ,25000,,7,2
420,خدمات الليزر إزالة الاورام بمختلف انواعها ,30000,,7,2
421,خدمات الليزر إزالة التقرحات الفموية,25000,,7,2
422,خدمات الليزر إزالة التصبغات اللثوية,85000,,7,2
423,أجور تثبيت جهاز Retainer   للفك,75000,,7,2
424,أجور تثبيت جهاز Retainer   للفكين,100000,,7,2
425,SNAP ON  CAD-CAM,175000,,7,2
426,SNAP ON  BIOST AR,100000,,7,2
427,القشور الخزفية ,150000,,7,2
428,زراعة اسنان ( سيراميك ) ,325000,,7,2
429,زراعة اسنان (زاركون ) ,350000,,7,2
430,الليزر ,60000,,7,2
431,تقويم الاسنان Myobrace     ,175000,,7,2
432,اجور رقود المريض,3000,,7,6
433,الخدمات الطبية,5000,,7,6
434,الخدمات العامة,2000,,7,6
435,اجور الطبيب الجراح العمليات الصغرى بدون تخدير    ,25000,,4,4
436, اجور الطبيب الجراح العمليات الصغرى مع التخدير   ,38000,,4,4
437, اجور الطبيب الجراح  العمليات الوسطى  ,000 75,,4,4
438,اجور الطبيب الجراح  العمليات  الكبرى  ,000 100,,4,4
439,اجور الطبيب الجراح   العمليات فوق الكبرى ,000 125,,4,4
440, اجور الطبيب الجراح   العمليات الخاصة,250000,,4,4
441,  اجور الطبيب المساعد للجراح(مقيم أقدم جراحة) العمليات الصغرى بدون تخدير,3000,,4,4
442,  اجور الطبيب المساعد للجراح(مقيم أقدم جراحة) العمليات الصغرى مع التخدير,4000,,4,4
443, اجور الطبيب المساعد للجراح(مقيم أقدم جراحة)  العمليات الوسطى,000 8,,4,4
444,  اجور الطبيب المساعد للجراح(مقيم أقدم جراحة)  العمليات  الكبرى,000 10,,4,4
445,  اجور الطبيب المساعد للجراح(مقيم أقدم جراحة)   العمليات فوق الكبرى,000 13,,4,4
446,  اجور الطبيب المساعد للجراح(مقيم أقدم جراحة)  العمليات الخاصة ,000 25,,4,4
447,  اجور الطبيب المخدر  العمليات الصغرى,000 30,,4,4
448,  اجور الطبيب المخدر  العمليات الوسطى,000 60,,4,4
449,  اجور الطبيب المخدر  العمليات الكبرى,000 80,,4,4
450,  اجور الطبيب المخدر  العمليات فوق الكبرى,100000,,4,4
451,طبيب تخدير انعاش ويمنح  50%  من اجر المخدر فقط في عمليات صنف الخاصة ,100000,,4,
452, اجور الطبيب المخدر  العمليات الخاصة ,200000,,4,4
453,    اجور الطبيب المساعد للمخدر(مقيم أقدم تخدير) العمليات الصغرى,3000,,4,4
454,   اجور الطبيب المساعد للمخدر(مقيم أقدم تخدير) العمليات الوسطى,4000,,4,4
455,   اجور الطبيب المساعد للمخدر(مقيم أقدم تخدير) العمليات الكبرى,5000,,4,4
456,  اجور الطبيب المساعد للمخدر(مقيم أقدم تخدير) العمليات فوق الكبرى,7000,,4,4
457, اجور الطبيب المساعد للمخدر(مقيم أقدم تخدير) العمليات الخاصة,13000,,4,4
458,العمليات الصغرى أجور طبيب التخدير ( القائم بالعمل فعلاً ) في عملية طب الألم ,50000,,4,4
459,العمليات الوسطى أجور طبيب التخدير ( القائم بالعمل فعلاً ) في عملية طب الألم ,100000,,4,4
460,العمليات الكبرى أجور طبيب التخدير ( القائم بالعمل فعلاً ) في عملية طب الألم ,150000,,4,4
461,العمليات فوق الكبرى أجور طبيب التخدير ( القائم بالعمل فعلاً ) في عملية طب الألم ,175000,,4,4
462,العمليات الصغرى أجور صالة العمليات ,25000,,4,4
463,العمليات الوسطى أجور صالة العمليات ,30000,,4,4
464,العمليات الكبرى أجور صالة العمليات ,40000,,4,4
465,العمليات فوق الكبرى أجور صالة العمليات ,50000,,4,4
466,العمليات الخاصة أجور صالة العمليات ,100000,,4,4
467,صالة القسطرة أجور صالة العمليات ,100000,,4,4
468,سكرين صالة العمليات أجور صالة العمليات ,25000,,4,4
469,العمليات الصغرى بدون تخدير أجور سلة الجناح ,22000,,4,4
470,العمليات الصغرى مع تخدير أجور سلة الجناح ,25000,,4,4
471,العمليات الوسطى أجور سلة الجناح ,38000,,4,4
472,العمليات الكبرى أجور سلة الجناح ,55000,,4,4
473,العمليات فوق الكبرى أجور سلة الجناح ,70000,,4,4
474,العمليات الخاصة أجور سلة الجناح ,137000,,4,4
475,صالة الولادة,25000,,4,4
476,"الولادة الطبيعية (يتم تخفيض الاجور المستوفاة في الاجنحة الخاصة عن الولادة الطبيعية بنسبة 50% في حالة ولادة الطفل  ميتا""",50000,,4,4
477,الولادة الاصطناعية,65000,,4,4
478,عمليات الكورتاج بكافة أنواعها التشخيصية والعلاجية,75000,,4,4
479,اجور الطبيب الجراح العمليات الصغرى بدون تخدير    العمليات الجراحية النسائية ,25000,,4,4
480, اجور الطبيب الجراح العمليات الصغرى مع التخدير   العمليات الجراحية النسائية ,38000,,4,4
481, اجور الطبيب الجراح  العمليات الوسطى  العمليات الجراحية النسائية ,000 75,,4,4
482,اجور الطبيب الجراح  العمليات  الكبرى  العمليات الجراحية النسائية ,000 100,,4,4
483,اجور الطبيب الجراح   العمليات فوق الكبرى العمليات الجراحية النسائية ,125000,,4,4
484, اجور الطبيب الجراح   العمليات المهارة العمليات الجراحية النسائية ,200000,,4,
485, اجور الطبيب الجراح   العمليات الخاصة العمليات الجراحية النسائية ,000  250,,4,4
486, اجور الطبيب الجراح   العمليات الشاملة العمليات الجراحية النسائية ,000  300,,4,4
487,"	أجور الطبيب المساعد للجراح 
( مقيم اقدم جراحة او طلبة بورد جراحة )  العمليات الصغرى بدون التخدير   العمليات الجراحية النسائية ",3000,,4,4
488,"	أجور الطبيب المساعد للجراح 
( مقيم اقدم جراحة او طلبة بورد جراحة )  العمليات الصغرى مع التخدير   العمليات الجراحية النسائية ",4000,,4,4
489,"	أجور الطبيب المساعد للجراح 
( مقيم اقدم جراحة او طلبة بورد جراحة )  العمليات الوسطى  العمليات الجراحية النسائية ",8000,,4,4
490,"	أجور الطبيب المساعد للجراح 
( مقيم اقدم جراحة او طلبة بورد جراحة )  العمليات  الكبرى  العمليات الجراحية النسائية ",10000,,4,4
491,اجور الطبيب الجراح   العمليات فوق الكبرى العمليات الجراحية النسائية ,13000,,4,4
492,"	أجور الطبيب المساعد للجراح 
( مقيم اقدم جراحة او طلبة بورد جراحة )   العمليات المهارة العمليات الجراحية النسائية ",20000,,4,4
493,"أجور الطبيب المساعد للجراح 
( مقيم اقدم جراحة او طلبة بورد جراحة )   العمليات الخاصة العمليات الجراحية النسائية ",25000,,4,4
494,"	أجور الطبيب المساعد للجراح 
( مقيم اقدم جراحة او طلبة بورد جراحة )   العمليات الشاملة العمليات الجراحية النسائية ",30000,,4,4
495,"العمليات الصغرى أجور الطبيب 
           المخدر ",30000,,4,4
496,"العمليات الوسطى أجور الطبيب 
           المخدر ",60000,,4,4
497,"العمليات الكبرى أجور الطبيب 
           المخدر ",80000,,4,4
498,"العمليات فوق الكبرى أجور الطبيب 
           المخدر ",100000,,4,4
499,"عمليات المهارة أجور الطبيب 
           المخدر ",150000,,4,4
500,"عمليات خاصة أجور الطبيب 
           المخدر ",200000,,4,4
501,"عمليات شاملة أجور الطبيب 
           المخدر ",250000,,4,4
502,العمليات الصغرى أجور الطبيب المساعد للمخدر ( مقيم اقدم تخدير او طلبة البورد تخدير ) العمليات الجراحية النسائية,3000,,4,4
503,عمليات شاملة أجور صالة العمليات العمليات الجراحية النسائية,4000,,4,4
504,العمليات الكبرى أجور الطبيب المساعد للمخدر ( مقيم اقدم تخدير او طلبة البورد تخدير ) العمليات الجراحية النسائية,5000,,4,4
505,العمليات فوق الكبرى أجور الطبيب المساعد للمخدر ( مقيم اقدم تخدير او طلبة البورد تخدير ) العمليات الجراحية النسائية,7000,,4,4
506,عمليات المهارة أجور الطبيب المساعد للمخدر ( مقيم اقدم تخدير او طلبة البورد تخدير ) العمليات الجراحية النسائية,10000,,4,4
507,عمليات خاصة أجور الطبيب المساعد للمخدر ( مقيم اقدم تخدير او طلبة البورد تخدير ) العمليات الجراحية النسائية,13000,,4,4
508,عمليات شاملة أجور الطبيب المساعد للمخدر ( مقيم اقدم تخدير او طلبة البورد تخدير ) العمليات الجراحية النسائية,18000,,4,4
509,عمليات صغرى أجور صالة العمليات العمليات الجراحية النسائية,25000,,4,4
510,عمليات وسطى أجور صالة العمليات العمليات الجراحية النسائية,30000,,4,4
511,عمليات كبرى أجور صالة العمليات العمليات الجراحية النسائية,40000,,4,4
512,عمليات فوق الكبرى أجور صالة العمليات العمليات الجراحية النسائية,50000,,4,4
513,عمليات المهارة أجور صالة العمليات العمليات الجراحية النسائية,75000,,4,4
514,عمليات خاصة أجور صالة العمليات العمليات الجراحية النسائية,100000,,4,4
515,عمليات شاملة أجور صالة العمليات العمليات الجراحية النسائية,125000,,4,4
516,سلة  الجناح  العمليات الصغرى بدون تخدير    العمليات الجراحية النسائية ,22000,,4,4
517,سلة  الجناح  العمليات الصغرى مع التخدير   العمليات الجراحية النسائية ,25000,,4,4
518,سلة  الجناح  العمليات الوسطى  العمليات الجراحية النسائية ,38000,,4,4
519,سلة  الجناح   العمليات  الكبرى  العمليات الجراحية النسائية ,55000,,4,4
520,سلة  الجناح   العمليات فوق الكبرى العمليات الجراحية النسائية ,70000,,4,4
521,سلة  الجناح   العمليات المهارة العمليات الجراحية النسائية ,100000,,4,4
522,سلة  الجناح   العمليات الخاصة العمليات الجراحية النسائية ,137000,,4,4
523,سلة  الجناح    العمليات الشاملة العمليات الجراحية النسائية ,150000,,4,4
524,الطبيب الجراح الاختصاصي اجور زيارات الطبيب,5000,,4,4
525,الطبيب الاختصاصي عدا الجراح اجور زيارات الطبيب,10000,,4,4
526,الطبيب الاستشاري اجور زيارات الطبيب,15000,,4,4
527,الطبيب المخدر (قبل اجراء العملية) اجور زيارات الطبيب,10000,,4,4
528,فحوصات الهورمونات(لكل فحص),7500,,21,4
529,الفحص النسيجي,25000,,21,4
530,الفحص الخلوي,15000,,21,4
531,الفحوص البسيطة وحسب تصنيف دائرة الامور الفنية,3000,,21,4
532,الفحوص المعقدة وحسب تصنيف دائرة الامور الفنية,5000,,21,4
533, ) مابعد الجماع post- coitusتحليل (,25000,,21,4
534,  تحليل المطابقة,10000,,21,4
535, تحليل اختراق الحيامن بطريقة الانبوب,25000,,21,4
536,  تحليل السائل المنوي,5000,,21,4
537,  تحليل المضادات,7500,,21,4
538,  تقنية اطفال الانابيب مع الادوية المحاولة الاولى,500000,,21,4
539, تقنية اطفال الانابيب المحاولات  اللاحقة,300000,,21,4
540,  سحب الحيامن من البربخ,25000,,21,4
541,التلقيح الاصطناعي ضمن خدمة طفل الأنابيب,120000,,21,4
542,  فحص الانسجة لكل حالة ,20000,,21,4
543,فحص نخاع العظم لغرض تطابق الانسجة لكل حالة,25000,,21,4
544,فحص تحديد الاجسام المضادة لتكوين المرض لكل حالة.,25000,,21,4
545,فحص النسيج المناعي,25000,,21,4
546,الفحوصات التخصصية الدقيقة ,10000,,21,4
547,الفحوص الخلوية ,25000,,21,4
548,الفحوص الوراثية ,25000,,21,4
549,فحوصات نخاع العظم ,30000,,21,4
550,فحوصات الزرع مع التحسس الدوائي باستثناء زرع الدم,70000,,21,4
551,فحص زرع الدم,25000,,21,4
552,Fish test-BCR- ABL-Test,50000,,21,4
553,Immunonisto  chemistry,50000,,21,4
554,فحوصات Histopathologh ,45000,,21,4
555,اشعة عادية (منطقة واحدة),5000,,8,4
556,اشعة ملونة,20000,,8,4
557,اشعة المرئ بالباريوم ,15000,,8,4
558,اشعة المعدة بالباريوم ,20000,,8,4
559,اشعة الامعاء الدقيقة بالباريوم ,25000,,8,4
560,اشعة القولون بالباريوم ,20000,,8,4
561,اشعة المجاري البولية بالصعبة ,25000,,8,4
562,اشعة بانوراما ثلاثي الابعاد (CS4003D ) ,25000,,8,4
563,فحص الثدي (ماموكراف) ,15000,,8,4
564,الدوبلر,15000,,8,4
565,فحص شرايين الدماغ بواسطة الدوبلر,15000,,8,4
566,علاج الشرايين بواسطة الضغط على الاطراف باستخدام EEGP,10000,,8,4
567,تلوين النخاع الشوكي,30000,,8,4
568, تلوين الركبة,30000,,8,4
569,تلوين الرحم,30000,,8,4
570,تلوين القناة الصفراوية عن طريق الجلد,75000,,8,4
571,الكاما نايف,1000000,,8,4
572,السونار العادي,10000,,8,4
573,سونار ملون ,20000,,8,4
574,فحص المفراس الحلزوني,50000,,8,4
575,فحص مفراس القلب ,100000,,8,4
576,فحص المفراس (سكانر),80000,,8,4
577,فحص مفراس الوجه والفكين ثلاثي الابعاد 9500 full skull kodak,25000,,8,4
578,فحص الرنين المغناطيسي mri الملون ,75000,,8,4
579,فحص الرنين المغناطيسي بدون صبغة ,50000,,8,4
580,فحص هشاشة العظام DEXA (كثافة العظام) ,25000,,8,4
581,ناظور المعدة,25000,,8,4
582,ناظور المستقيم,30000,,8,4
583,ناظور القولون,40000,,8,4
584,ناظور البطن,75000,,8,4
585, ناظور البطن مع تداخل جراحي,,,8,4
586,ناظور مع تلوين القنوات الصفراوية التشخيصي,30000,,8,4
587,فحص الحنجرة بالناظور,15000,,8,4
588,ناظور مع تلوين القنوات الصفراوية العلاجي,,,8,4
589,ناظور القصبات الليفي والصلب,35000,,8,4
590,ناظور الجنب,50000,,8,4
591,ناظور المرئ الصلب مع تداخل جراحي,,,8,4
592,الناظور التداخلي الذي يشمل وقف النزيف وتوسيع التضييقات ,400000,,8,4
593,أخذ خزعة من نخاع العظم (Bone marrow biobsy  ),50000,,8,4
594,اخذ خزعة من الكبد,50000,,8,4
595,فحص الخزعة للثدي,50000,,8,4
596,أخذ عينة من نخاع العظم (Bone marrow Aspiration  ),5000,,8,4
597,الرقود في سويت,50000,,19,4
598,رقود المريض/ غرفة منفردة,25000,,19,4
599,رقود المريض/ ردهة درجة  اولى لحد (6) اسرة,12000,,19,4
600,رقود المريض /ردهة درجة ثانية ما زاد عن (6) اسرة,10000,,19,4
601,رقود مرافق المريض   (باستثناء مرافقي الاطفال),5000,,19,4
602,رقود المرافق الثاني للمريض,10000,,19,4
603,رقود الطفل الخديج في الحاضنة في وحدة الخدج,7000,,19,4
604,أدوية المستشفى / تحميلات ادارية عن كل يوم تجهيز للدواء,5000,,18,4
605, قسطرة القلب ,290000,,8,4
606, قسطرة الشرايين المحيطية,125000,,8,4
607, قسطرة البالون,300000,,8,4
608, قسطرة وضع شبكة واحدة أو اثنان أو ثلاثة,300000,,8,4
609, قسطرة تشخيصية لتشوهات القلب الولادي,200000,,8,4
610, قسطرة التداخل القسطاري لتشوهات القلب الولادي والبالون/السدادة,400000,,8,4
611, قسطرة شرايين الكلية,125000,,8,4
612,وضع سدادة,300000,,1,4
613,وضع جهاز منظم للقلب دائمي,300000,,1,4
614,وضع جهاز منظم القلب المؤقت,125000,,1,4
615,خدمة EECP لمعالجة انسداد الشرايين القلبية,15000,,1,4
616,تخطيط القلب,5000,,8,4
617,فحص الهولتر,15000,,8,4
618,فحص الايكو,10000,,8,4
619, فحص الاجهاد,15000,,8,4
620, فحص العوينات,5000,,13,4
621,المعالجة بالاركون ليزر,50000,,13,4
622, المعالجة يالليزر yaqlaiser,10000,,13,4
623, فحص العدسات اللاصقة,7500,,13,4
624, فحص(ERO) تخطيط الشبكية في الجهاز الكهربائي,10000,,13,4
625, فحص الحول الاولي,5000,,13,4
626, تخطيط عضلات العين,5000,,13,4
627,فحص OCT (طبقات الشبكية ),35000,,13,4
628, فحص تقويم البصر,5000,,13,4
629, فحص الساحة البصرية,10000,,13,4
630,الفلورسين( تلوين الشبكية),50000,,13,4
631, فحص تطوير قعر العين(الصورة)  Fundus camera,10000,,13,4
632, فحص البصر بالكومبيوتر,5000,,13,4
633,اشعة تحديد مكان الجسم الغريب,10000,,13,4
634,فحص مغناطيسية الجسم الغريب,10000,,13,4
635,فحص تخطيط العصب البصري  (VEP ),10000,,13,4
636,عملية تصحيح البصر بالليزك,500000,,13,4
637,فحص تضاريس القرنية (للعينين) (Topograchy  ) ,25000,,13,4
638,فحص العصب البصري (HRT ) ,35000,,13,4
639,فحص تحت التخدير العام للعينين,25000,,13,4
640,رفع جسم غريب من القرنية او الملتحمة تخدير موضعي,15000,,13,4
641,رفع جسم غريب من القرنية او الملتحمة تخدير عام,20000,,13,4
642,رفع خيط القرنية او الملتحمة ,10000,,13,4
643,رفع حبيبات الملتحمة ,10000,,13,4
644,فتح كيس دهني / تخدير موضعي,25000,,13,4
645,فتح كيس دهني / تخديـــر عـــام,35000,,13,4
646,رفع ظفرة القرنية / تخدير موضعي,25000,,13,4
647,رفع ظفرة القرنية / تخدير عــــام ,35000,,13,4
648,رفع ظفرة القرنية مع ترقيع الملتحمة / تخدير موضعي ,75000,,13,4
649,رفع ظفرة القرنية مع ترقيع الملتحمة  / تخدير عام ,100000,,13,4
650,تسليك مجرى الدمع/ تخدير موضعي,25000,,13,4
651,تسليك مجرى الدمع / تخدير عام,35000,,13,4
652,التأمينات عملية الليزك للعيون صغرى,54000,,13,4
653,اجور الطبيب الجراح عملية الليزك للعيون صغرى,15000,,13,4
654,أجور الطبيب مساعد الجراح عملية الليزك للعيون صغرى,4000,,13,4
655,أجور التخدير الموضعي عملية الليزك للعيون  صغرى,15000,,13,4
656,أجور صالة العمليات عملية الليزك للعيون صغرى,5000,,13,4
657,أجور سلة الجناح عملية الليزك للعيون صغرى,10000,,13,4
658,الأدوية عملية الليزك للعيون صغرى,5000,,13,4
659,التأمينات عملية الليزك للعيون وسطى,75000,,13,4
660,اجور الطبيب الجراح عملية الليزك للعيون وسطى,25000,,13,4
661,أجور الطبيب مساعد الجراح عملية الليزك للعيون وسطى,5000,,13,4
662,أجور التخدير الموضعي عملية الليزك للعيون  وسطى,15000,,13,4
663,أجور صالة العمليات عملية الليزك للعيون وسطى,10000,,13,4
664,أجور سلة الجناح عملية الليزك للعيون وسطى,15000,,13,4
665,الأدوية عملية الليزك للعيون وسطى,5000,,13,4
666,التأمينات عملية الليزك للعيون كبرى,300000,,13,4
667,اجور الطبيب الجراح عملية الليزك للعيون كبرى,25000,,13,4
668,أجور الطبيب مساعد الجراح عملية الليزك للعيون كبرى,10000,,13,4
669,أجور التخدير الموضعي عملية الليزك للعيون  كبرى,15000,,13,4
670,أجور صالة العمليات عملية الليزك للعيون كبرى,15000,,13,4
671,أجور سلة الجناح عملية الليزك للعيون كبرى,20000,,13,4
672,الأدوية عملية الليزك للعيون كبرى,5000,,13,4
673, تجبيس جزئي كسور,15000,,23,4
674,تجبيس كلي كسور,25000,,23,4
675,انعاش الطفل الوليد ,5000,,9,4
676,تبديل الدم للأطفال حديثي الولادة,15000,,9,4
677,تخطيط العضلات (EMG) والأعصاب (ENG) والدماغ ( EEG) ,15000,,25,4
678,علاج الرجة الدماغية)  ECT),25000,,25,4
679,خدمات تخطيط الدماغ الفديوي ومراقبة الصرع,50000,,25,4
680,    غسل الجيوب الانفية,10000,,10,4
681,    غسل الاذن,5000,,10,4
682,     كوي الانف,5000,,10,4
683,     تخطيط السمع,15000,,10,4
684,   فحص ضغط الاذن والمنعكسات السمعية والتشخيصية,15000,,10,4
685,استئصال جزء من اللهاة المرنة بالليزر تحت التخدير الموضعي الجلسة 10/2018 ,40000,,10,4
686,اخذ عينة من الانف او خلف الانف بمساعدة الناظور تحت التخدير الموضعي     ج 10/2018 ,70000,,10,4
687, )    (ج/7 لسنة 2020 )ABR    تخطيط الدماغ  ( ,40000,,10,4
688,فحص انبعاثات القوقعة    ج 9 / 2022             OAE               ,30000,,10,4
689,بصمة الاذن خلف الاذن ( لينة وصلبة )    ج9 / 2022 ,10000,,10,4
690,     بصمة الاذن الداخلية       ج9 / 2022               CIC.IIE      ,20000,,10,4
691,    برمجة المعينات السمعية                 ج9 / 2022               ,10000,,10,4
692,زرق الابرة بالمفصل من قبل الطبيب,10000,,16,4
693,زرق الابر للمراجع الخارجي,1000,,16,4
694,التداخل الجراحي في العيادة الخارجية,5000,,16,4
695,ضماد فتح البطن / معقدة,5000,,16,4
696,ضماد ات الفخذ / معقدة,5000,,16,4
697,ضمادات الفتوق المغبنية / بسيطة ,3000,,16,4
698,ضمادات العيون والاذن/ بسيطة,3000,,16,4
699,ضمادات الحروق/ معقدة,5000,,16,4
700,ضمادات تبديل الكسور/ معقدة,5000,,16,4
701,ضمادات الجبسونة / فوق المعقدة,5000,,16,4
702,ضمادات البواسير الشرجية والفطر والناسور/ بسيطة,3000,,16,4
703,ضماد فروة الراس / بسيطة,3000,,16,4
704,خياطة جرح + ضماد/ معقدة,5000,,16,4
705,تنظيف جرح ملتهب /معقدة,5000,,16,4
706,رفع صوندة تفريغ سوائل / بسيطة,3000,,16,4
707,تركيب صوندة ادرار / معقدة,5000,,16,4
708,ضمادات الصدر والثدي / معقدة,5000,,16,4
709,فحص وظائف الرئة,15000,,22,4
710,عملية سحب السائل الجنيني او البريتوني,10000,,22,4
711,سحب السوائل من المعدة,5000,,22,4
712,سحب السائل من النخاع الشوكي,15000,,22,4
713,غسل المعدة,5000,,22,4
714,جلسات الاشعة فوق البنفسجية (وسطى مع التخدير ),10000,,11,4
715,خدمة رفع الاورام الجلدية والاكياس الدهنية (تصنف وسطى مع التخدير و صغرى بدون تخدير ),20000,,11,4
716,خدمة رفع الفالول او جل اللؤلؤ واخذ خزعة من الجلد والزرق الموضعي (تصنف صغرى بدون تخدير ),15000,,11,4
717,علاج الامراض الجلدية بالمواد الكيمياوية,7500,,11,4
718,  IPO لرفع الشعر والأمراض الجلدية الأخرى,15000,,11,4
719,جهاز YAE :  NOلرفع الوشم,15000,,11,4
720,جهاز Alexendrite لرفع الشعر والأمراض الجلدية الأخرى,15000,,11,4
721,رفع الزوائد اللحمية,5000,,11,4
722,التقشير الكيميائي,10000,,11,4
723,زرق البوتكس الموضعي,25000,,11,4
724,الشعر – الذقن فقط جهاز IPL,15000,,11,4
725,الشعر –الذقن+الشارب جهاز IPL,20000,,11,4
726,الشعر –كل الوجه جهاز IPL,30000,,11,4
727,الشعر –الابط والعانة جهاز IPL,25000,,11,4
728,الاستعمالات الاخرى جهاز IPL,15000,,11,4
729,الشعر –الذقن+الشارب ALEX,20000,,11,4
730,الشعر –كل الوجه ALEX,30000,,11,4
731,الشعر –الابط والعانة ALEX,25000,,11,4
732,النمش ALEX,25000,,11,4
733,كل سم مربع زيادة  ALEX,5000,,11,4
734,التصبغات أقل من 5×5 سم مربع ALEX,25000,,11,4
735,"بداية استخدام الجهاز Q-Switched
ND-YAG",15000,,11,4
736,"التصبغات أكثر من 5×5 سم مربع Q-Switched
ND-YAG",50000,,11,4
737,"كل سم مربع زيادة Q-Switched
ND-YAG",5000,,11,4
738,Fractional  co2  laser                  ,50000,,11,4
739, العلاج المائي(يتضمن استعمال الجهاز والحمام والتمرين والتدليك),15000,,12,4
740,العلاج الحراري والكهربائي (يتضمن الاشعة وكافة انواعها والامواج فوق الصوتية والتيار الكهربائي وحمام الشمع والبرافين والحمام الرملي),15000,,12,4
741, دورة علاجية باجهزة حرارية فقط,10000,,12,4
742, دورة علاجية باجهزة حرارية وتمارين وتدليك,15000,,12,4
743, العلاج الجماعي او الفردي,15000,,12,4
744,العلاج بالتدليك,10000,,12,4
745, سحب الفقرات (الميكانيكي او الكهربائي),15000,,12,4
746,العلاج بالليزر,15000,,12,4
747,حاملة ذراع,3000,,12,4
748,ياخة عاجية,3000,,12,4
749,ياخة أسفنجية,3000,,12,4
750,حزام ظهر,10000,,12,4
751,مسند تحت الركبة للأطفال,10000,,12,4
752,مسند تحت الركبة للبالغين,20000,,12,4
753,مسند فوق الركبة للأطفال,20000,,12,4
754,مسند فوق الركبة للبالغين,18000,,12,4
755,مسند أورثو بلاست للأطفال للمرفق,10000,,12,4
756,مسند أورثو بلاست للبالغين للمرفق,15000,,12,4
757,حزام تويستر للأطفال,25000,,12,4
758,دنيس بروان مسند للأطفال,25000,,12,4
759,Cockup  مسند للأطفال,7000,,12,4
760,Cockup  مسند للبالغين,12000,,12,4
761,Incsle دبان,5000,,12,4
762,مسند وضع التحية,25000,,12,4
763,تصليح مساند الأطفال,3000,,12,4
764,تصليح مساند البالغين,5000,,12,4
765,مسند الأصبع,4000,,12,4
766,تفتيت الحصى (الجلسة الواحدة),25000,,14,4
767,عملية قسطرة الاحليل,45000,,14,4
768,تخطيط المثانة,20000,,14,4
769,التلقيح الاصطناعي ضمن خدمة طفل الأنابيب,120000,,9,4
770,(استلام البويضات +معالجتها+حقنها بالحيامن+متابعة الجنين وانقسامه خلال (48) ساعة +تحضير الجنين لارجاعه),150000,,9,4
771,حقن البويضات باستعمال جهاز الأكزي,50000,,9,4
772,استخدام جهاز الليزر,20000,,9,4
773,ارجاع الأجنة,50000,,9,4
774,اخذ العينة (السائل المنوي ) ج/6 لسنة 2019 ,15000,,9,4
775,رفع خراج داخل الفم,10000,,7,4
776, قلع سن اعتيادي,5000,,7,4
777,قلع جراحي          ج7 لعام 2018,50000,,7,4
778,جراحة اللثة,15000,,7,4
779,حشوة اسنان دائمية (1) أملغم,15000,,7,4
780,حشوة اسنان ضوئية,15000,,7,4
781,حشوة جذراسنان (لكل جلسة),15000,,7,4
782,اضافة وتد معدني,5000,,7,4
783,اضافة وتد ضوئي,10000,,7,4
784,تنظيف الاسنان,10000,,7,4
785,اشعة اسنان,5000,,7,4
786,اشعة اسنان OPG,15000,,7,4
787,أشعة الفكين,5000,,7,4
788,جراحة اللثة بانواعها,25000,,7,4
789,تبييض الاسنان      ج/7 لعام 2018,60000,,7,4
790,قطع ذروة السن      ج/7 لعام 2018,50000,,7,4
791,عملية الغرزة البسيطة    ,200000,,7,4
792,عملية Gingival former  (المرحلة الجراحية الثانية ),50000,,7,4
793,عملية الغرزة مع رفع غشاء الجيب الانفي,500000,,7,4
794,عملية الغرزة مع تغيير موقع العصب السني الاسفل,500000,,7,4
795,الخدمات العيادية للسن الصناعي الواحد من البورسلين او الكاست,25000,,7,4
796,صناعة السن الواحد المختبرية من البورسلين أوالكاست,20000,,7,4
797, انجاز عمل صناعة السن المختبرية في المختبر الأهلي لايتجاوز 120000 دينار,120000,,7,4
798,خدمات التعويضات الصناعية  للاجزاء المفقودة من الوجه,100000,,7,4
799,قوالب دراسية,5000,,7,4
800,        تبطين وتصليح,25000,,7,4
801,        جهاز لمعالجة مفصل الفك,50000,ويضاف (10000 )   دينار عن كل سن,7,4
802,خد  ( Flexible partial denture ) التركيب الجزئي المرن,50000,,7,4
803,جهاز الرباط الجراحي,75000,,7,4
804,جهاز اكريلك لسد فتحة سقف الفم مع الاسنان,100000,,7,4
805, تعويض صناعي  للأنف او الاذن او العين,250000,,7,4
806,طقم اسنان كامل بعد الزراعة علوي وسفلي,250000,,7,4
807,اصدار شهادات الولادة,5000,,17,4
808,اصدار شهادة وفاة,مجاناً,,17,4
809,اصدار صورة قيد ولادة ووفاة,5000,,17,4
810,منح تقارير طبية,5000,,17,4
811,نقل المريض بسيارة الأسعاف,7500,,17,4
812,اجور الفحص ,60000,,5,4
813,العمليات الصغرى اجور الطبيب الجراح,250000,,5,4
814,العمليات الوسطى اجور الطبيب الجراح,500000,,5,4
815,العمليات الكبرى اجور الطبيب الجراح,1500000,,5,4
816,العمليات فوق الكبرى اجور الطبيب الجراح,2000000,,5,4
817,العمليات الخاصة اجور الطبيب الجراح,4000000,,5,4
818,العمليات الصغرى اجور الطبيب المساعد للجراح,50000,,5,4
819,العمليات الوسطى اجور الطبيب المساعد للجراح,75000,,5,4
820,العمليات الكبرى اجور الطبيب المساعد للجراح,100000,,5,4
821,العمليات فوق الكبرى اجور الطبيب المساعد للجراح,150000,,5,4
822,العمليات الخاصة اجور الطبيب المساعد للجراح,200000,,5,4
823,العمليات الصغرى اجور الطبيب المخدر,150000,,5,4
824,العمليات الوسطى اجور الطبيب المخدر,250000,,5,4
825,العمليات الكبرى اجور الطبيب المخدر,750000,,5,4
826,العمليات فوق الكبرى اجور الطبيب المخدر,1000000,,5,4
827,العمليات الخاصة  اجور الطبيب المخدر,2000000,,5,4
828,العمليات الصغرى اجور الطبيب المساعد للمخدر,30000,,5,4
829,العمليات الوسطى اجور الطبيب المساعد للمخدر,40000,,5,4
830,العمليات الكبرى اجور الطبيب المساعد للمخدر,75000,,5,4
831,العمليات فوق الكبرى اجور الطبيب المساعد للمخدر,100000,,5,4
832,العمليات الخاصة  اجور الطبيب المساعد للمخدر,150000,,5,4
833,العمليات الصغرى سلة الجناح,75000,,5,4
834,العمليات الوسطى سلة الجناح,100000,,5,4
835,العمليات الكبرى سلة الجناح,200000,,5,4
836,العمليات فوق الكبرى سلة الجناح,350000,,5,4
837,العمليات الخاصة سلة الجناح,750000,,5,4
838,سويت الرقود,125000,,5,4
839,غرفة واحدة الرقود,75000,,5,4
840,ردهة  الرقود,25000,,5,4
841,زيارة المريض من قبل الطبيب ,50000,,5,4
842,التغذية ,50000,,5,4
843,الادوية,,,5,4
844,الخدمات الطبية والفندقية الاخرى,,,5,4
845,العمليات الصغرى بدون تخدير اجور الطبيب الجراح  ,25000,,5,4
846,العمليات الصغرى مع تخدير اجور الطبيب الجراح  ,38000,,5,4
847,العمليات الوسطى اجور الطبيب الجراح  ,75000,,5,4
848,العمليات الكبرى اجور الطبيب الجراح  ,100000,,5,4
849,العمليات فوق الكبرى اجور الطبيب الجراح  ,125000,,5,4
850,العمليات الخاصة اجور الطبيب الجراح  ,250000,,5,4
851,اجور الطبيب الجراح عند تنفيذه للتخدير الموضعي عند عدم وجود طبيب مخدر اجور الطبيب الجراح  ,13000,,5,4
852,العمليات الصغرى بدون تخدير اجور الطبيب المساعد الجراح  ,3000,,5,4
853,العمليات الصغرى مع تخدير اجور الطبيب المساعد الجراح  ,4000,,5,4
854,العمليات الوسطى اجور الطبيب المساعد الجراح  ,8000,,5,4
855,العمليات الكبرى اجور الطبيب المساعد الجراح  ,10000,,5,4
856,العمليات فوق الكبرى اجور الطبيب المساعد الجراح  ,13000,,5,4
857,العمليات الخاصة اجور الطبيب المساعد الجراح  ,25000,,5,4
858,العمليات الصغرى الطبيب المخدر,30000,,5,4
859,العمليات الوسطى الطبيب المخدر,60000,,5,4
860,العمليات الكبرى الطبيب المخدر,80000,,5,4
861,العمليات فوق الكبرى الطبيب المخدر,100000,,5,4
862,العمليات الخاصة الطبيب المخدر,200000,,5,4
863,طبيب تخدير انعاش ويمنح 50% من اجر المخدر فقط في عمليات صنف الخاصة  الطبيب المخدر,100000,,5,4
864,العمليات الصغرى اجور الطبيب المخدر المساعد ( مقيم أقدم تخدير أو طالب بورد تخدير ),3000,,5,4
865,العمليات الوسطى اجور الطبيب المخدر المساعد ( مقيم أقدم تخدير أو طالب بورد تخدير ),4000,,5,4
866,العمليات الكبرى اجور الطبيب المخدر المساعد ( مقيم أقدم تخدير أو طالب بورد تخدير ),5000,,5,4
867,العمليات فوق الكبرى اجور الطبيب المخدر المساعد ( مقيم أقدم تخدير أو طالب بورد تخدير ),7000,,5,4
868,العمليات الخاصة  اجور الطبيب المخدر المساعد ( مقيم أقدم تخدير أو طالب بورد تخدير ),13000,,5,4
869,العمليات الصغرى اجور طبيب التخدير (القائم بالعمل فعلاً ) ,50000,,5,4
870,العمليات الوسطى اجور طبيب التخدير (القائم بالعمل فعلاً ) ,100000,,5,4
871,العمليات الكبرى اجور طبيب التخدير (القائم بالعمل فعلاً ) ,150000,,5,4
872,العمليات فوق الكبرى اجور طبيب التخدير (القائم بالعمل فعلاً ) ,175000,,5,4
873,حقن تشخيصي للمفصل خدمة اعتيادية  ,30000,,5,4
874,حقن تشخيصي للمفصل خدمة متقدمة ,75000,,5,4
875,حقن تشخيصي حول الاربطة والاعصاب خدمة اعتيادية  ,30000,,5,4
876,حقن تشخيصي حول الاربطة والاعصاب خدمة متقدمة ,75000,,5,4
877,بزل سوائل المفصل المتورم بدلالة السونار خدمة اعتيادية  ,30000,,5,4
878,بزل سوائل المفصل المتورم بدلالة السونار خدمة متقدمة ,75000,,5,4
879,الحقن الاختياري للأوزون خدمة اعتيادية  ,35000,,5,4
880,الحقن الاختياري للأوزون خدمة متقدمة ,75000,,5,4
881,الحقن الإختياري للصفيحات الدموية خدمة اعتيادية  ,100000,,5,4
882,الحقن الإختياري للصفيحات الدموية خدمة متقدمة ,150000,,5,4
883,الحقن الإختياري للبوتكس خدمة اعتيادية  ,150000,,5,4
884,الحقن الإختياري للبوتكس خدمة متقدمة ,200000,,5,4
885,التردد الريديوي ( الشعاعي ) خدمة اعتيادية ,100000,,5,4
886,التردد الريديوي ( الشعاعي ) خدمة متقدمة,125000,,5,4
